{
    "keep": {
        "days": false,
        "amount": 30
    },
    "auditLog": "/Users/kickscar/DoWork/IdeaProjects/aws-practices/myapp/ex01/logs/.abee85001a2f6abeefd77acb05ea21c42ef09b62-audit.json",
    "files": [
        {
            "date": 1631140606038,
            "name": "/Users/kickscar/DoWork/IdeaProjects/aws-practices/myapp/ex01/logs/2021-09-09.log",
            "hash": "133caa0568492dcaafa38960661bc722"
        },
        {
            "date": 1631274068667,
            "name": "/Users/kickscar/DoWork/IdeaProjects/aws-practices/myapp/ex01/logs/2021-09-10.log",
            "hash": "0b7a112c4cdc458a597bfb8cdcdaf169"
        }
    ]
}