{
    "keep": {
        "days": false,
        "amount": 30
    },
    "auditLog": "/Users/kickscar/DoWork/IdeaProjects/aws-practices/myapp/ex01/logs/error/.45f591a3c0bc5cbef5458f14bab62a9456607752-audit.json",
    "files": [
        {
            "date": 1631140606041,
            "name": "/Users/kickscar/DoWork/IdeaProjects/aws-practices/myapp/ex01/logs/error/2021-09-09.error.log",
            "hash": "988594fbb64b6611672907d3a4b46cde"
        },
        {
            "date": 1631274068673,
            "name": "/Users/kickscar/DoWork/IdeaProjects/aws-practices/myapp/ex01/logs/error/2021-09-10.error.log",
            "hash": "4ae3e05ac6758f3feb9def732bae02e7"
        }
    ]
}